id,char_len_mean,const_parse_const_tree_depth_max_mean,const_parse_const_tree_depth_mean_mean,const_parse_const_word_depth_mean_mean,const_parse_const_word_depth_std_mean,const_parse_num_sentences_mean,const_parse_num_words_mean,const_parse_words_per_sent_mean_mean,const_parse_words_per_sent_std_mean,content_function_ratio_mean,dep_parse_dep_head_dist_90p_mean,dep_parse_dep_head_dist_max_mean,dep_parse_dep_head_dist_median_mean,dep_parse_dep_root_dist_max_mean,dep_parse_dep_root_dist_mean_mean,dep_parse_dep_root_dist_median_mean,domain_academic_pct_mean,domain_books_pct_mean,domain_code_pct_mean,domain_reference_pct_mean,domain_specific_datasets_pct_mean,domain_web_pct_mean,edu_classifier_mean,entropy_mean,num_tokens_mean,pct_english_mean,ttr_mean,unique_tokens_mean,char_len_std,const_parse_const_tree_depth_max_std,const_parse_const_tree_depth_mean_std,const_parse_const_word_depth_mean_std,const_parse_const_word_depth_std_std,const_parse_num_sentences_std,const_parse_num_words_std,const_parse_words_per_sent_mean_std,const_parse_words_per_sent_std_std,content_function_ratio_std,dep_parse_dep_head_dist_90p_std,dep_parse_dep_head_dist_max_std,dep_parse_dep_head_dist_median_std,dep_parse_dep_root_dist_max_std,dep_parse_dep_root_dist_mean_std,dep_parse_dep_root_dist_median_std,domain_academic_pct_std,domain_books_pct_std,domain_code_pct_std,domain_reference_pct_std,domain_specific_datasets_pct_std,domain_web_pct_std,edu_classifier_std,entropy_std,num_tokens_std,pct_english_std,ttr_std,unique_tokens_std,question_words_ratio,imperative_verbs_ratio,conjunctions_ratio,instructions_words_ratio,numbers_ratio
01-ai/Yi-34B,666.4712967986977,13.556956222782487,10.03614254801195,6.216628407600024,2.821729690085621,7.195163878065551,158.59637863855144,41.88007685443178,12.900777782145994,0.4024374396347078,9.936818332048034,42.58940178473064,2.704307590613639,49.50523300649994,17.469883379609872,14.634901399140686,8.952702702702704,11.486486486486488,22.2972972972973,23.986486486486484,1.0135135135135136,32.26351351351352,0.9708054852789664,1.9904442743859456,277.4665219750407,78.37837837837837,0.503046566942901,131.20879001627782,338.273087295856,6.19979438892647,4.541010142309656,2.264871907815334,1.6345085605656775,4.66482140924575,71.18221304669255,35.23992393225608,10.373664890792128,0.1636126326731056,9.62709464688218,30.412290696535244,3.371834775871901,35.78123676483676,17.040911518533527,16.904949015803627,,,,,,,0.6799480219032255,,114.34435433244836,,0.1926670257488057,57.56562330354896,139.96617094479336,140.98501777386645,441.2441890238128,6.86468929096779,588.7598479479673
01-ai/Yi-34B-200K,663.3869113420296,13.839350180505416,10.258845028339778,6.270427421814384,2.91271442967666,7.596750902527075,160.15908543922984,41.35902275775816,13.787229141058033,0.3686160521849407,9.346218202374224,41.883323911814585,2.2882419446014697,49.01469756924816,17.00237357061476,14.03295647258338,12.04644412191582,21.190130624092888,33.671988388969524,18.867924528301888,1.4513788098693758,12.772133526850508,1.088521134175843,1.925102021227744,274.7128012381163,69.37590711175616,0.5186923214231716,133.26752155648904,318.5751330564157,5.530448835222164,4.115626390446801,2.0528478230030305,1.3807116221400275,4.793016784932637,63.616147025267686,32.78594418090295,10.27528746619281,0.1480451098055258,9.322445097124763,27.522274426906645,3.0855867115818705,33.65662085947522,15.876600422241838,15.655578341405066,,,,,,,0.6281550475696246,,117.20415956863386,,0.1549339257060621,48.79291944690161,113.30407953124903,122.18674535951672,397.54938603581485,5.877252578101925,586.4730022892901
01-ai/Yi-9B,1956.2372881355927,16.629852378348826,11.12348457596521,6.883695890221662,3.401384672855854,22.82759249134317,547.7012939675596,81.99086916858808,23.427803433256653,0.2987216341509304,17.800373076325204,74.61573138504586,4.322166951655526,104.3006373387222,36.48169841675805,31.277320068397326,17.296511627906977,4.796511627906977,38.22674418604651,20.348837209302324,3.924418604651162,15.406976744186046,1.7612465450373314,1.7977734183451357,657.1035108958838,89.24418604651163,0.3694906104073465,159.70444915254237,2237.5692320913845,13.161965282044118,11.195836491573743,5.801601596610417,3.668743935605377,27.371766073857387,512.4511765887994,177.70944183955422,34.6659947706867,0.1502309555785314,57.11744481838419,111.55825902151892,19.39403226071912,176.584728722676,84.75714206545808,83.9449863163606,,,,,,,0.79872290684545,,701.2271793185622,,0.1855148634825697,134.34584955873208,106.8282658082841,138.83475650246126,458.1546964581222,6.271267537623372,1889.1279179425637
AbacusResearch/Jallabi-34B,883.6047546678245,14.8307797071842,10.424137073684015,6.388713402929776,3.1422772601539086,9.514811031664964,185.1028260129384,37.56568879412474,13.606683858379794,0.3796024802766682,9.06592846860813,42.68619200531503,2.2668032333074963,47.14217694607464,15.465936286138591,12.454213265419112,8.508014796547473,7.768187422934648,33.785450061652284,24.41430332922318,1.2330456226880395,24.290998766954377,1.3861609003265989,2.10837405485277,283.56936604429006,88.65598027127004,0.5193641567982281,145.6898610508033,283.92789508079306,5.244738840050137,3.952057816372721,1.97154844318382,1.3675554356662265,4.616649330989526,47.07903418909999,30.47900972104604,9.68350877960875,0.1254804295890969,11.212585201538475,27.595875628314392,3.8235119264064754,31.90935604299189,15.133285006900987,14.845124929029126,,,,,,,0.759143015675754,,69.80032992358946,,0.1304916943268283,42.70242644510309,129.3641190774107,159.87429267820957,484.9679950367824,8.306434697599698,545.2756599714263
CohereForAI/c4ai-command-r-v01,991.8358974358974,15.478648820905034,11.034357731951555,6.803627852191217,3.264661852582414,8.67278521351179,194.07546207775653,45.19781283585255,15.8911193029953,,10.619731258840172,50.59112952111538,2.2807132754091737,58.76237623762376,20.48095180030368,17.006566983228936,14.0625,5.46875,10.9375,21.484375,0.78125,47.265625,0.9219226175240232,2.558300183078956,357.6327802916038,91.40625,0.6238543576190008,217.3039718451483,330.7354888951349,5.407612999538028,4.270407138860112,2.2334402314118478,1.42757323416514,4.166500284398896,33.682344934502446,35.285854851479755,10.61476792974254,,12.997485093658138,31.206163517165777,2.0717647916247843,36.98877450214632,18.47040056468744,18.46018546707735,,,,,,,0.5299297887832599,,79.9473862294827,,0.1529809075513548,55.63669728683704,83.67715639985293,95.94237254083683,382.9078840707989,4.378986258599209,495.5856878916063
Dampish/StellarX-4B-V0,,,,,,,,,,,,,,,,,1.152073732718894,27.188940092165897,0.4608294930875576,17.51152073732719,0.0,53.45622119815668,,1.3627853612929717,,99.7695852534562,,,,,,,,,,,,,,,,,,,,,,,,,,,,,,,147.59814946274867,213.66141739820367,674.2595336204777,2.540894920594423,389.43565505576305
EleutherAI/gpt-j-6b,3093.2589343729696,18.86896857016379,11.35626407695086,6.925621174959229,3.684551303267156,28.6608012394865,601.3186144311642,37.38306413287896,18.276890648618892,0.4013003827551178,7.68338946224878,57.197501357957634,2.056273764258555,60.70689842476915,14.862877958161809,10.634057577403585,27.240363368524427,5.413699975448073,20.071200589246256,17.210901055732876,0.5769702921679352,29.474588755217283,1.425515785566028,3.328078805592384,858.2214641542126,97.60618708568624,0.4814211584211491,359.7037037037037,2495.1177660603757,8.380456794550852,5.4229755679442615,2.8505857076690453,2.094142926004157,26.162903011739026,492.315550352366,46.71791426105816,18.7052358018296,0.0938839830723239,8.590786155090594,47.26921400176347,2.4502291834876964,61.269220254259096,23.61679481175263,21.862438609155827,,,,,,,0.6588211654464374,,679.840453606255,,0.1341216888101375,257.0118705978726,157.6513663242084,141.78909308338106,563.1494872367556,16.159079544291696,517.6470572363299
EleutherAI/gpt-neo-1.3B,2745.270357142857,19.07671568627451,11.723056915680552,7.124181200571049,3.7880462283103498,24.735294117647054,546.5919117647059,37.6632393984914,16.741167843848906,0.3876001695966393,8.269856459330144,54.29904306220096,2.286064593301435,58.25873205741627,15.16181657994303,11.276375598086124,29.20168067226891,5.6722689075630255,31.93277310924369,13.760504201680671,0.4201680672268907,19.012605042016805,1.712159450721173,2.337075569462228,736.687380952381,98.42436974789916,0.3888921844062223,231.57988095238096,2301.576889283793,8.226555934692032,5.461854773384251,2.677070018947894,2.0233750417226783,23.025231884714373,461.5128021542062,52.44290519135915,17.810141538123627,0.0995105604875556,25.2180691177426,49.68462547563026,11.280883322316246,63.60975648376137,26.61791132031077,25.4605677953536,,,,,,,0.7249930332743194,,598.4457438878409,,0.128219530491388,134.9705115231356,189.66876208876513,191.96301986081272,574.7701210093035,24.6947140908108,486.78164902574713
EleutherAI/gpt-neo-125m,3385.4472297059856,19.4685650887574,11.644482915043778,7.063686737485303,3.76557042012644,32.83937376725838,703.7250986193294,37.23315048895518,16.428476639635864,0.3716132315639595,8.910172088637434,54.97265440829797,2.6085572842998586,58.78394625176804,14.924423347636456,11.143917963224894,26.490825688073397,8.830275229357799,22.706422018348626,19.495412844036696,0.573394495412844,21.788990825688074,1.759169519403608,2.284882115379939,911.683495373082,99.19724770642202,0.3622479760001976,250.44898676350005,2865.791854192382,9.058501951521786,6.24827491682312,3.3330946563174746,2.131015989048288,32.247271997556034,617.0670484072374,76.69718860731429,17.82080791335671,0.0971286897056459,42.646699683426256,70.22458722953485,19.46662819395111,85.5193737844784,39.00694143976348,38.2575506104216,,,,,,,0.7778799878850089,,745.9589625165231,,0.1414443165413804,152.93946543747558,229.20725783076068,261.8745341989291,624.3425498696718,14.989369900106507,440.32485134070953
EleutherAI/gpt-neo-2.7B,2772.5889632107023,19.165335463258785,11.695635584762586,7.118543794115953,3.7868384561657256,24.058420812414425,550.8297581013236,37.54550619094757,17.61307432671871,0.3948860606881137,8.008741884933963,55.75083948959033,2.0721401387956124,58.780725319006045,14.799684676316758,10.699910454443698,31.16615067079464,4.024767801857585,33.33333333333333,13.0030959752322,0.5159958720330238,17.956656346749224,1.784427483342048,2.3973018047703465,735.7454849498328,97.8328173374613,0.3862146236630898,235.9119286510591,2251.6028598435155,7.176472705141919,3.927754378530977,1.899483866923016,1.5323598370540807,20.6411441899784,450.5009380255743,40.76556887517491,18.11950888329351,0.093899380934242,14.90700997563109,45.02184302929166,2.1927683941577323,54.95958121743373,20.561057783978924,18.77167565832384,,,,,,,0.7098499973526342,,571.1838310792789,,0.1206850337043965,133.9250203438607,201.15403380192063,190.56147632422653,580.9056644686373,27.917059229366913,491.36758844705065
EleutherAI/gpt-neox-20b,943.5055023435908,15.602779506326488,10.93545519287665,6.760167868039279,3.3712889025432715,9.113876789047916,180.519912881145,32.06169174054908,12.37947534568794,0.4063488676549787,7.402767000204208,37.53206044517052,2.0925056156830717,39.9283234633449,12.205404993844484,9.491525423728811,26.69683257918552,5.769230769230769,13.461538461538462,20.248868778280546,1.244343891402715,32.57918552036199,1.3798785246130507,2.361842399564963,257.5043814958223,97.39819004524888,0.5827205146254656,145.5288363562258,322.35777408918113,4.992492242524232,3.3559621945151203,1.6890215303455884,1.2471949928979544,4.1628457479944725,58.55450294427856,19.063893953327906,7.581917164454462,0.1030158780729626,6.938620413175449,19.94755845002683,2.638509170431981,22.612321875009997,9.48361708009026,8.956565354975686,,,,,,,0.7396484620233192,,76.09613497435214,,0.1213254886766689,45.6104951389553,148.71250287678234,126.02223646108737,557.9148800736801,16.566810414886284,525.7964353710258
EleutherAI/pile-t5-large,,,,,,,,,,,,,,,,,0.0,0.0,0.0,0.0,0.0,0.0,,,,,,,,,,,,,,,,,,,,,,,,,,,,,,,,,,,,,,,
EleutherAI/pythia-1.4b,3207.012169253098,18.898668472128183,11.592208587193378,7.067960488319123,3.711457626999968,27.62988038817423,629.645903859174,38.11127623959153,17.748368498973772,0.388174448609982,7.875071776307578,57.35601048558232,2.092123330420672,60.60791411808763,14.97797054896009,10.846336287604544,33.99374348279458,3.3368091762252345,25.338894681960376,15.53701772679875,0.4171011470281543,21.37643378519291,1.7070818197369355,2.5148185762488784,872.3963380596182,98.22732012513036,0.3941243336924649,261.3558110974657,2914.140519877662,9.15473570177474,7.187613507455139,3.373694008495149,2.3143679923532847,27.469788102018644,572.3681249540033,48.524044202253386,19.224167002889757,0.0966239215809355,13.498012409724373,50.44098709522417,4.127039737439101,64.39097693119861,24.795163578498546,23.23345140649362,,,,,,,0.7536301214495836,,787.9131030449774,,0.1430905919592913,178.52111975861462,176.9107145773043,162.24939404111151,572.6340655208182,19.114378946496903,526.5680640925668
EleutherAI/pythia-1.4b-deduped,7197.743719197018,22.636834319526628,11.3673002208031,6.904261631310966,3.895792123813498,83.60843195266273,1557.2193786982248,44.14615705580445,24.1956479690979,0.3697310828144692,10.06058667310478,80.28947368421052,2.3349830999517143,87.85478029937228,18.550113843595696,12.917672621921778,29.585798816568047,16.86390532544379,18.04733727810651,19.37869822485207,0.7396449704142012,15.384615384615383,1.6100834424630182,2.8803438856985943,2245.580598629643,79.43786982248521,0.2575673070916914,570.7420363024402,2181.40472072824,9.55322545560849,6.707699538425118,3.150352743940444,2.4075109086288524,41.19141800263563,346.7266827826496,94.25176468832542,31.227052361996908,0.1142599864722961,29.969935002429143,87.97498508792062,6.524028146150698,110.3650401770244,45.92394878598457,43.56808922188554,,,,,,,0.8004590396467817,,242.401733388352,,0.0745706957661336,158.38174654942495,152.03831483170123,153.05092329422388,536.5922526997504,12.052714257715973,538.2732495863803
EleutherAI/pythia-12b,3021.762188010264,18.4168333137278,11.341439143266289,6.950308441562457,3.6426017308646976,26.180978708387247,586.4528290789319,35.49080231343426,16.834237969171635,0.3992234724157052,7.533181473044801,54.2706617604112,2.0302552421003446,56.67642076981485,13.762436860056203,9.815577361135448,33.43669250645995,3.4625322997416017,26.408268733850125,14.315245478036177,0.1550387596899224,22.11886304909561,1.710613468950621,2.6063566980053148,822.5092722183344,98.24289405684756,0.4121834813980576,261.17599720083973,2791.7654138104267,6.712730577930386,3.408488695555141,1.6957110309299888,1.4053390039576867,26.32770161855833,544.8030832528002,28.86742533858417,16.536171899972473,0.0851405089257268,8.577220601863527,42.33414281640369,2.61322457690943,47.689796082334766,14.572722488924525,12.455272317820102,,,,,,,0.7337562509733035,,763.2572264450024,,0.1420709810869331,182.0081111347351,173.43064321480185,155.2760105852002,559.7314274777402,20.701080410159317,526.5201612764587
EleutherAI/pythia-12b-deduped,6378.4232,25.12602518193369,13.833340752143306,8.117308391930434,4.664829604850377,58.42971006122213,1359.9735474182742,107.42503372906722,45.90114464681277,0.3550449478780156,21.3813412269062,126.35388384199244,4.607430846177401,170.16698989486576,49.38525730901622,38.98601612738594,26.126126126126124,5.405405405405405,41.44144144144144,12.162162162162163,5.63063063063063,9.00900900900901,1.103291465397179,3.425451103921384,2332.2635,82.2072072072072,0.3066256569221122,700.9378,2258.1413256761484,19.41049753117087,16.707594975988084,8.156772016034662,5.400436751252471,35.06598917646752,374.8911366287366,213.6098192311416,61.380085202635925,0.145563414360479,70.31596472560166,151.5297828575524,24.338986399608643,227.5058190549006,105.3227243987005,102.02633998958233,,,,,,,0.5685581028443698,,281.3669628874905,,0.1288284163844517,289.85161708562663,125.43538973707483,119.1626795788652,422.4837260719859,10.460265477524288,838.7605889806747
EleutherAI/pythia-14m,,,,,,,,,,,,,,,,,0.0,0.0,0.0,0.0,0.0,0.0,,0.4804645616711195,,,,,,,,,,,,,,,,,,,,,,,,,,,,,,,,,220.38567493112947,440.77134986225894,220.38567493112947,0.0,275.4820936639118
EleutherAI/pythia-160m,3089.361477865305,18.81065887114909,11.373887989866,6.94304900193669,3.690488238401454,29.523948729480548,638.3757589386103,35.839727449635184,16.123379158832105,0.3817850209512112,8.828212259428192,53.65157414617866,2.4842029146734896,56.61519635109578,14.088590633084264,10.39559461564134,26.877370417193426,9.304677623261696,34.45006321112516,17.11757269279393,0.7964601769911505,11.428571428571429,1.7648045698107016,2.2565688629173324,822.5655164762011,98.24273072060684,0.3958403240639376,239.4209475202485,3021.694071829031,7.671882826016956,4.351658522424632,2.167962217241396,1.6367386917456508,29.679209103227443,616.5396872806224,63.37043557241441,18.067809364496256,0.0863366219166902,42.9220128662884,63.47630212262826,16.396948279263174,73.52736525496488,31.57810398861779,30.623092734154127,,,,,,,0.7770581012689441,,780.4078564367525,,0.1536756765463958,173.2915607820943,225.30821352614305,213.85442045836362,599.0991047616209,27.156515956563222,479.96744522409335
EleutherAI/pythia-160m-deduped,4275.611663228952,34.457789716039905,21.620053945987305,11.731147568364603,7.561594960794175,68.22601688411359,1211.5303146584804,119.1222478053465,50.02945480195874,0.3642318495662253,,,,,,,12.0,12.88888888888889,36.888888888888886,8.88888888888889,0.8888888888888888,28.444444444444443,1.2388468338800052,1.784645124160064,2181.4751546971684,88.0,0.1689050430212605,362.9000562535159,2817.574528308368,76.7636455251865,68.22117009346998,31.512245978868396,23.81674778874054,74.13284801139508,431.92073168508495,268.3701549896949,75.10069769677125,0.1586520333075236,,,,,,,,,,,,,0.6683136182145327,,301.66656870092925,,0.0992436224237789,210.70552265826237,175.27631939168427,197.19352114206572,457.8444777955235,17.420804187928052,1097.6726567409385
EleutherAI/pythia-1b,3024.550805729633,18.502148349163274,11.29818141895661,6.921905539559801,3.637833576884911,26.996947082767974,598.8413613749435,35.96480988345039,17.092902771326706,0.3882363965795969,8.003376710792015,55.22436616558223,2.0556989006057886,57.951088175903074,14.229840948994966,10.2916760152569,28.768414849734825,3.948143783146729,30.46552740129641,16.25220978196818,0.4596346493812611,20.05892751915144,1.7460433926083974,2.445600272009082,820.8773500447628,98.14967589864466,0.3954882184875853,250.9544538943599,2818.3007448873896,6.651251052829904,3.4401382460322494,1.6914161173274846,1.3159278545559607,26.362773129023783,555.6561080026904,39.928698188224544,17.973587953854285,0.0873494211914571,22.45859868159565,51.86544489114964,4.201604118700025,58.30880196918406,21.65493629136012,20.103400094291768,,,,,,,0.7368589671675227,,754.825109179438,,0.1366759294858351,173.000482437597,186.20256703397877,182.66864442984414,564.1213604528898,24.9964892051616,505.8097872634099
EleutherAI/pythia-1b-deduped,7849.148939261842,23.670184304399523,11.816465716806183,7.104393563361295,4.129280066723097,76.42672413793103,1557.573424494649,45.51818953245103,26.50616309046416,0.3663903922053727,12.75566057550935,92.90590212140307,3.4336273892039486,98.5561856752783,20.106084594384008,13.890254148288175,13.881748071979436,3.2133676092544987,61.5681233933162,6.683804627249357,0.3856041131105398,14.267352185089974,1.6657276565912191,2.7547155974861504,2243.2609706480675,97.68637532133675,0.2499922394289363,559.6406567858181,1481.0525669438769,12.85785695901141,11.059987376804626,5.208275555524457,3.535515487323111,29.8000118581842,294.29347257060664,90.9350063197591,31.2151618868058,0.077970500074,69.46158865031492,109.18464870071637,29.51318605068269,120.85347199394546,52.358934432513855,50.70610822597799,,,,,,,0.6746594204983688,,162.00375124913992,,0.0645631143599194,147.80675704552343,173.3814548678756,209.4270487662588,511.9681779481931,17.219067615452477,600.8265670990471
EleutherAI/pythia-2.8b,3189.6107591419363,18.635344247589146,11.352049243300325,6.969096650248229,3.672155346417879,27.6511549674815,625.3201390446288,36.47621326639151,17.535913656397152,0.3909838981336064,7.783348194382526,56.27251448952296,2.108838609005796,59.40871600534998,14.38328191727154,10.29279982166741,32.1601661666282,3.519501500115393,32.63327948303716,13.316408954534964,0.392337872144011,17.920609277636743,1.754122939637777,2.5141768388204606,867.9943314438146,98.92684052619433,0.3936354972938798,261.6210959208625,2927.278632329649,7.959418118807005,4.8909613221087485,2.5341632049446883,1.8646576110423665,25.98189232451101,569.4074119120822,39.22593408157614,18.164313620017182,0.0877138848502463,15.974890825755605,48.02037006245869,4.730739974041666,56.78504634936675,20.09119741084627,17.988599249250075,,,,,,,0.7342426387730322,,786.2292990918323,,0.1413202803470875,180.0397717152739,173.37013893833583,169.316796392797,564.4044240473835,24.28171755354185,511.9967612294405
EleutherAI/pythia-2.8b-deduped,3158.5419261565835,18.44382085531485,11.287524826255146,6.93150364245757,3.625082376595525,27.569648669884387,620.9035806487822,36.397638984383086,17.223317780992296,0.3910399856421747,7.730446398753203,55.76689302014917,2.089669375487031,58.633084715573865,14.373555789286916,10.39112768562841,31.37254901960784,3.4055727554179565,31.37254901960784,15.479876160990711,0.7223942208462332,17.647058823529413,1.756538882124937,2.501475030571287,857.7386565836299,98.96800825593397,0.3945644454541788,259.5639457295373,2892.4210659507035,6.326889880804108,3.35616723121247,1.70682779144663,1.238510230863429,26.002590235515957,562.5979475392246,42.25258043914576,17.811250714118696,0.086811961652612,16.577133735893216,48.34791472991781,4.266405708405213,58.10158838425416,21.653987941920917,20.12333955161576,,,,,,,0.741426199895771,,778.7873679083608,,0.1395175150226172,176.99469713856217,177.92685736292015,167.7849631063946,566.988232796759,23.467216432460514,531.9423537547652
EleutherAI/pythia-410m,3260.263163766176,18.55456494752285,11.28916141658176,6.922923527336461,3.6285880960326833,29.10619568897416,648.7318587066923,35.62707335050652,17.044847348262437,0.3854275718802784,7.861296089385477,55.3540782122905,2.1602793296089384,57.94502793296089,13.833617427049823,9.892122905027932,29.93630573248408,6.050955414012739,24.30997876857749,20.70063694267516,0.3184713375796179,18.471337579617835,1.7340862494733371,2.4921984349752537,883.7795626952253,99.15074309978768,0.3931053102709258,262.32373940205264,2989.389927753419,6.987896963077005,3.683798826863105,1.8426116430495048,1.534461044990431,28.09348676123824,592.7986927584561,38.81051784661834,17.885599182267047,0.0839469877969735,22.547497954728293,49.44503062189957,10.168817102434142,55.0866792379836,19.260879097014737,17.452433662520274,,,,,,,0.7615078727719886,,805.9846255378304,,0.1428556896679049,178.406273572711,172.08936792824585,168.69117868743314,616.5300860378396,19.54386581498622,516.7129825373112
EleutherAI/pythia-410m-deduped,7400.320930994919,24.895641811372148,12.588156706434022,7.42491814858297,4.401946987141756,76.88049029622063,1567.930030643514,55.67327860167669,30.04629543208219,0.3541408687038757,,,,,,,19.726027397260275,14.246575342465754,45.06849315068493,8.767123287671232,0.410958904109589,11.643835616438356,1.6837202774999165,2.448509477446375,2224.606294050156,94.93150684931508,0.2313607252659962,512.2158662514341,1836.0440479026836,19.585729191226324,17.353468644513217,8.229080268740312,6.065487815250179,38.74009611085437,335.9277814274914,136.2852527373606,39.17822554670004,0.0887465505861655,,,,,,,,,,,,,0.7342230534143604,,165.58897579440708,,0.0681033065707574,150.13667691399786,211.2638066849808,205.36377216057735,565.4787317058742,14.773367168771209,587.207532284286
EleutherAI/pythia-6.9b,3110.3713663581925,18.634186531912555,11.44497740175091,6.993310381535506,3.678188952722902,26.905635504778644,606.1918048994837,35.65052282256757,16.671660347911793,0.3986987871694594,7.881997601134011,54.68836549994548,2.1520008723149058,57.05844509868062,13.974866835342274,10.09742667102824,33.25410299943407,3.995472552348613,26.146010186757216,14.657611771363891,0.3848330503678551,21.46010186757216,1.70530105258582,2.5830157607942903,840.6663037561241,98.43803056027166,0.4081878448197303,262.7461077844312,2870.06973477598,8.004487928452008,3.6415335930827735,1.8086861165319368,1.8161940403276329,27.127035929395017,559.9581451917129,34.323533822671216,16.62037567162396,0.0866179158593877,14.759937753625165,45.83171626920942,4.965699716671592,51.79852503576977,18.02828250105748,16.536141493574686,,,,,,,0.7355508222622369,,773.0412881678561,,0.1432517553496139,181.44721636373785,174.9264196448608,162.33014902319388,561.1151935600078,18.306253218648223,496.6004423048445
EleutherAI/pythia-6.9b-deduped,8088.745805592544,23.26020130576714,11.562372039782725,7.016705033165145,4.031439397294381,79.22361262241567,1607.1727421109902,43.10456766537066,27.21629231038099,0.3679039617259038,9.973552175073394,93.55564451561249,2.2447291166266345,99.52468641579932,19.268172639965258,12.440952762209768,31.37973137973138,7.448107448107448,43.95604395604396,7.936507936507936,0.4884004884004884,8.791208791208792,1.792390952572802,3.041316256147615,2309.420106524634,98.53479853479854,0.2496385333074653,574.2487350199734,1288.8342843272887,8.92883265748761,4.792292265122527,2.346814650140653,2.1596929018317765,34.44582723229601,252.61027247036404,61.72216236811947,33.26360651509977,0.0799468943562853,33.06757413700404,85.14812624021765,6.7801277037155065,103.31457873639452,37.2964884652456,33.28359938373031,,,,,,,0.7555014231077474,,168.61514126204656,,0.0608398718495945,138.93064257725163,164.06352550507708,167.94565324100785,535.7155175478018,14.166967416320679,830.5843571951327
EleutherAI/pythia-70m,3334.12277992278,21.51422055272337,13.258390308056295,7.8013536484516175,4.360596631758422,28.15857257848135,660.4192379930239,50.399920352339926,21.31579203735557,0.3669821774946803,14.925016700066802,68.63643954575818,4.39938209752839,76.87291249164997,21.89867625969922,17.2000668002672,30.26874115983027,10.608203677510607,21.923620933521924,22.48939179632249,0.8486562942008486,13.861386138613865,1.5908643966374152,2.1155508030877583,908.6344916344916,99.29278642149929,0.3707797033818912,230.53436293436292,3138.430418024782,24.584128876661133,21.52178380262376,10.45241266211302,7.277245658325057,30.78670784759013,638.3373044125062,132.61357942347172,38.56207281921469,0.1069727180407368,90.36131622744936,124.99736104688728,37.08055023455047,152.6113215940801,68.45439004166688,66.60089083976415,,,,,,,0.7188424945925117,,825.8367103347298,,0.1647200778828138,162.47930444348216,222.84701319270164,203.45429601571203,624.932426457774,16.888818152352524,508.8953609058899
EleutherAI/pythia-70m-deduped,7941.51217067583,26.72097789489094,13.332756398651048,7.751447851517783,4.7234189396414274,84.95710730493339,1720.888303323086,54.878159495725455,27.855440623557147,0.3565791600133263,,,,,,,32.11805555555556,35.76388888888889,10.416666666666668,11.631944444444445,0.6944444444444444,9.20138888888889,1.7194051731853637,2.420576959555103,2208.3031214203893,99.6527777777778,0.2218832363411934,487.8397766323024,1626.560071231661,32.109574383224526,24.29251337475798,11.738437389551668,9.911370129676827,37.6795743008146,330.12481764333114,177.68604204655807,50.11008913348029,0.0869853087134421,,,,,,,,,,,,,0.7828739999490331,,175.01585750537205,,0.0560116809557382,124.13375616082588,250.4737355876859,255.43020189297346,710.0385895790052,8.742781052869917,579.3945037242102
HuggingFaceTB/SmolLM-1.7B,3349.345859137189,18.649765565369098,11.22151133053365,6.844832759398254,3.565270686019362,31.861410969359937,667.8459273797841,32.262979985805025,14.356816653600614,0.4108790426387875,7.140159914712155,47.07899786780384,2.0235074626865672,51.001918976545845,12.527836871322146,9.25639658848614,7.520325203252034,13.516260162601624,24.390243902439025,40.85365853658536,0.2032520325203252,13.414634146341465,2.94592830972083,2.488828918041464,836.97522829852,96.95121951219512,0.4195696325157855,307.985724782198,2544.7880977107047,6.571657364335566,3.6208812280529328,1.7927150131113678,1.4483267801984885,24.854685850294526,489.0461946405012,24.20051052908279,15.700308917664897,0.1091245521060498,7.609229763015939,35.740167005604235,1.3139633320622042,40.5944290786767,12.013959611949192,9.429128338073031,,,,,,,0.7103124504592923,,606.1454756232245,,0.135725224407685,183.5648815025196,233.85751398441792,200.03330701725818,673.3559252246492,2.363400245875122,389.12099910269154
HuggingFaceTB/SmolLM-135M,3964.11934113747,19.8061797752809,11.602595752717638,7.004747352830588,3.724302898465831,37.71337910944653,778.6695796920516,29.548347337833192,13.040889716913371,0.433247924609293,6.846705406246759,46.44059354570925,2.0189374286603714,48.326450140085086,10.95881903678575,8.024333298744423,9.876543209876544,18.31275720164609,7.098765432098765,50.514403292181065,0.205761316872428,13.991769547325102,2.9808517203150195,2.48723640954548,951.3710763493216,99.58847736625516,0.4316451913960742,342.3392727649436,2715.6556221651454,6.601490967367409,2.8445376117727035,1.4188545988265018,1.3336754686887105,27.392978981614142,541.2092518469717,29.10469523975844,15.931273245071592,0.0789026051185142,12.503265560356102,38.18235471063596,0.6928228631416251,44.7201587672962,14.29367881953553,12.430986381535249,,,,,,,0.7902757294498466,,649.9562938224822,,0.1462020701834535,172.00873452704246,259.5010037916838,244.53768196141502,722.1148593573183,2.009569418001519,314.52766599566036
HuggingFaceTB/SmolLM-360M,3857.937068699145,19.49323198667222,11.45801138667787,6.939042713978207,3.673951660254208,36.11484798000833,748.4276343190337,30.041839839040534,13.189903347275118,0.4348918738912281,6.920076660105668,46.11561172692427,2.0395213923132705,48.618771366414585,11.30905959420793,8.365896612452087,8.350515463917525,19.587628865979383,10.206185567010309,47.42268041237113,0.1030927835051546,14.22680412371134,3.024679581508177,2.534515930384077,929.448655886291,99.27835051546391,0.4369218944555995,350.9480894015862,2540.2168616108447,6.390187970549213,3.4009749441519763,1.586685382436328,1.4123439855109536,24.96252985954252,496.9922288966898,29.793539836366296,14.936394339303506,0.089313071418,14.43744831774699,37.45756530975145,2.813474713889,45.369775870997245,15.577781947692786,13.84919986897276,,,,,,,0.7690988750617881,,606.694683497246,,0.1394250503763436,170.10531525324566,247.47384906813,212.67117045791872,709.5037022163641,2.045017782711094,303.03105541045096
LLM360/Amber,1782.7704291593182,13.604174228675136,9.1047777713964,5.752639610972095,2.8237995403411387,18.84791288566243,418.67640653357535,59.75534360668972,23.734256231944613,0.2368458909558012,11.700399268008653,59.41091332556979,2.5900848444518383,85.19896855764432,27.32448825346038,21.90841790051572,15.087281795511224,9.102244389027431,18.453865336658357,16.084788029925186,2.493765586034913,38.77805486284289,0.8176354435308103,2.4251638095653067,617.086860670194,73.44139650872819,0.4874795258798797,108.7450029394474,2441.1884979621577,16.49917615494137,13.32141466340938,6.746615060050828,4.509697345928213,25.95025448786874,513.5672940552223,156.90807634052626,48.96978635173947,0.1779539339897902,57.13782270444029,117.83155774810572,16.334073015747418,182.4694239391929,79.13842014037769,75.43559285762329,,,,,,,0.9395373083957907,,810.7131668138942,,0.3234042747597575,128.09600192535524,130.71085255911632,146.91407132485827,437.6970841733509,6.427521169517537,1182.3559607169457
LLM360/CrystalCoder,,,,,,,,,,,,,,,,,4.886769964243146,0.7151370679380215,85.10131108462456,2.860548271752086,0.9535160905840284,5.482717520858165,,1.794475739431357,,91.89511323003576,,,,,,,,,,,,,,,,,,,,,,,,,,,,,,,42.079840266568674,113.73110447358735,159.95972862847555,9.91602317150705,851.1929567876706
NinedayWang/PolyCoder-2.7B,,,,,,,,,,,,,,,,,0.0,0.0,97.0014992503748,1.199400299850075,1.199400299850075,0.5997001499250375,,2.023981171219769,,90.70464767616193,,,,,,,,,,,,,,,,,,,,,,,,,,,,,,,16.78581916443191,86.85995313658417,103.60920188889314,5.966201520629082,1693.7847591971583
NousResearch/Nous-Hermes-2-Yi-34B,773.2729197543933,13.689061814993424,9.867696657831118,6.2098028287846425,2.8003981307240533,7.9454186760192895,167.10368259535292,40.91244332212858,11.891853432016635,,9.905498502353446,42.0165810868635,2.888960205391528,48.36799315361575,17.066296365775298,14.455872913992298,11.515151515151516,11.818181818181818,17.575757575757574,29.393939393939394,1.5151515151515151,28.18181818181818,1.1705307597789394,2.079134576420352,277.5948549650646,74.0909090909091,0.4785649040435277,130.88439551132754,341.1833740043162,6.202706805866762,4.342923593926004,2.12559550484668,1.6286416874892429,4.949335800746481,68.7258737040243,39.07612583722111,10.03540141054954,,13.325505340267192,32.79379636144377,5.2604170618956685,38.51579165816474,18.798767756479496,18.75072683679518,,,,,,,0.8427657140233269,,75.41534788529286,,0.1942231506163708,56.70570032107892,160.07809711754456,150.37553456296766,515.3989880964878,9.234456466417502,631.0353769048371
Qwen/Qwen-7B,1181.561362803761,14.545477482023465,10.426869540407536,6.377594097309488,2.9211972835092928,14.778730919641731,324.8212438501325,41.46403102224362,17.481675286604588,0.4416387573725161,8.47621846681362,49.88329659564046,2.03765613519471,56.45799657114866,16.586635324061643,12.543411707078128,18.671248568155782,5.498281786941581,13.172966781214203,52.119129438717074,0.2290950744558992,10.194730813287514,1.2372164540875343,2.0814484891681078,628.1118573696422,40.893470790378,0.4302183406477242,192.26779826596652,1923.017177580091,6.262873512272273,3.883622521076285,1.8314307079213703,1.2998403220198185,22.52041641036438,416.241741718924,49.68999546788071,24.8258826769696,0.1456720525087358,12.973602985823982,56.632960017811975,4.775240641704877,68.7151520060338,24.249926578393687,21.079947246575895,,,,,,,0.7217086788532637,,785.6277486166799,,0.1702178115541113,187.16642162596895,105.65709650396806,121.93753294089178,338.74483422888363,49.91151833774755,889.8835413690247
Qwen/Qwen1.5-110B,2295.16,16.045454545454547,10.369965134178392,6.351947028088432,3.068747681723002,25.477272727272727,572.9772727272727,49.16263748859072,24.53059541206145,0.3423221333470189,7.815555555555557,70.68888888888888,2.0,75.62222222222222,19.99253059655462,14.966666666666669,6.382978723404255,0.0,48.93617021276596,36.17021276595745,0.0,8.51063829787234,1.546833536028862,,1053.68,57.44680851063831,0.3309220856885044,238.14,2278.694303538672,6.349497279507989,3.868315584698585,1.7389075645222165,1.191949479183395,26.04845889383481,540.9381366342081,43.65696060027076,28.285708724163005,0.1625841219166103,2.2588055403544165,60.35775646453485,0.5577733510227171,62.196208847981474,18.939051019373707,16.94841847751255,,,,,,,0.7075820485585251,,972.9029030563688,,0.1596725169622446,161.19148329150113,96.72528276895729,92.36828804963488,229.17792223635826,81.04010177939665,1159.8319942836229
Qwen/Qwen1.5-14B,973.5162990196078,13.820716144220048,10.535146908812637,6.4078748629781055,2.830052379162057,11.695824557056127,281.71626812043115,44.97118653517812,16.31562790181501,0.4707482234040223,8.284745971214173,47.921638577930864,1.9808094476565383,56.26325501291672,17.76901455248446,13.989851150202975,11.21593291404612,2.8301886792452837,13.20754716981132,69.18238993710692,0.9433962264150944,2.6205450733752618,1.1810126943029828,1.825642257881512,562.4394607843137,25.471698113207548,0.4386424863756609,159.7074754901961,1893.463312187835,6.129155239915637,4.100465957091034,1.980834989069704,1.4373001695144678,19.34650438650738,432.1715548115745,66.71974289281866,25.21247709902653,0.1364580658965071,33.88462904741541,70.30070473652961,6.412181119443981,80.94634985873283,32.58925224230887,30.798805465442225,,,,,,,0.7288590911780489,,821.6012463045029,,0.1688286576462461,166.2020776701944,91.06301730944595,121.02264653661628,299.7457455257145,18.095340139511162,921.5862462538967
Qwen/Qwen1.5-32B,443.7640841348695,13.130527437400106,10.30176887873011,6.2300908416609895,2.7339469248630124,6.136068193926478,145.9546084176878,41.30743853329019,13.364654525201846,0.4485499484696823,8.213929820841727,41.97211915615393,1.9734442913177144,46.59609880207781,16.11662847872843,13.16898123608608,10.141766630316248,5.0163576881134135,11.668484187568156,60.95965103598692,0.6543075245365322,11.559432933478735,1.196331823686284,1.5262517529414938,287.5993023993236,36.53217011995638,0.4773674483198884,120.6557446358736,369.86677926146086,4.298270692015774,3.2839602293766657,1.605585560134263,1.022432049993812,4.484119150017794,81.50658667958191,29.84664902937772,11.366047512248228,0.1252451711473305,5.621807593771488,30.485501604045428,1.9402884753672225,32.42308684612542,13.534593103587987,12.599055811749365,,,,,,,0.691204221475785,,165.44231826173657,,0.1481920336353464,53.75728846821093,106.42476390876149,119.71594973263994,339.4492637564369,29.059581908838187,927.596146127775
Qwen/Qwen2-72B,642.8944,,,,,,,,,0.3854516465139684,8.679590583418628,43.22210849539406,1.986489252814739,49.75926305015353,16.60325761629796,13.288024564994885,8.300835654596101,2.5069637883008355,45.40389972144847,36.82451253481894,0.8356545961002786,6.128133704735376,1.4700842465564607,1.4009951353857022,315.0218,61.5041782729805,0.42624812648571,121.8764,359.18822821091595,,,,,,,,,0.1476135982255273,7.509388667113328,32.165278177276754,1.6068308822883297,36.86131827156902,16.16341984731178,15.337234343434783,,,,,,,0.7475612236567623,,144.01887519364402,,0.1419173844039323,49.17521696375815,74.4756837203746,116.1621566465659,216.33412890204053,102.66071690778455,896.5391516864978
Qwen/Qwen2.5-14B,1877.4377782985705,15.16573511543135,9.717961864166153,6.105885862654695,3.06548749506839,21.44520048602673,455.8989064398542,40.11357816131533,20.27897387911919,0.3968908911533647,8.11717607575213,54.92400815054537,1.9888529306005036,63.47932398417835,16.86110659823716,12.130528586839269,3.802672147995889,1.1305241521068858,56.01233299075026,35.868448098663926,0.3083247687564234,2.877697841726619,2.075232798234065,1.601367512128796,753.4029763299742,73.99794450154162,0.3352717169604699,180.33712209983597,1928.608277615515,16.558251448908106,9.619679557325744,4.604429486931808,5.245431192475735,20.3600840800017,421.0410507905482,59.85221810147292,28.130490854780565,0.1229610125716242,14.062917168874138,62.377610547654335,1.5973527528876017,79.85779505962834,29.372907870453624,26.197418365911307,,,,,,,0.9033189049988845,,734.0493367785842,,0.1513629351844193,112.60770882027413,108.40515224115192,160.44199871925275,344.529018329638,97.99184943966196,893.0668022274974
Qwen/Qwen2.5-32B,689.3172507018821,13.439203015616586,9.546796272929155,5.983666367869661,2.814812163865147,9.595476575121165,178.3949380721594,33.91090720250353,14.173320776160562,0.4140860879227701,7.975152985861998,38.61046634311036,1.965288035450517,43.44408102975312,13.36597031523217,10.224256172188223,8.714596949891067,3.2679738562091507,28.431372549019606,50.98039215686274,0.5446623093681917,8.061002178649238,1.6504057298172403,1.7640887591020935,329.0633253613393,58.38779956427015,0.4434382711656672,134.3202661952792,374.6252232983995,4.417677931826865,3.101708061480993,1.5816492822585209,1.0955947873855272,4.814206785127561,64.54087279283154,24.727430331696382,9.964210840233193,0.1304233622423426,9.54242942493338,26.077327187040435,3.946894785972453,28.573716156738943,11.7051954302653,10.766584852621143,,,,,,,0.8409767701793698,,140.56051791536743,,0.1336255350375833,47.68110188674116,105.36102670880906,117.5053031264195,307.6499738935772,133.31549155580552,727.9173682312065
Qwen/Qwen2.5-3B,2190.356368089573,17.137443336355393,11.627941150955913,6.975066233764012,3.5787489458550525,24.29229374433364,487.5697189483228,62.41742703896132,15.728973279577884,0.3685770285166085,,,,,,,10.90686274509804,5.147058823529411,31.12745098039216,43.01470588235294,1.715686274509804,7.598039215686274,1.9362656452880087,1.8883274101854408,761.7311056682995,87.25490196078431,0.3500732566665284,162.85216934919524,2582.863544620083,36.14751136732597,34.684999971390944,16.920673217751798,10.579327486458338,33.224991474400774,587.9853816685065,205.15550311429573,33.97473760103558,0.1507664237362734,,,,,,,,,,,,,1.0727121490123226,,832.0268548930613,,0.1916909901066439,143.98322790624857,186.53688631952085,185.3548577540435,544.0845540174275,26.77134967216278,1257.7263137448838
Salesforce/codegen-16-multi,3338.3208,14.432026688907422,8.641733762629363,5.535344938144739,2.8103922552725646,24.81734778982485,549.5879899916597,53.565439975241866,31.440724847335385,,11.184145334434351,82.65813377374072,2.0838150289017343,93.32782824112304,24.17654376646147,16.531379025598678,,,,,,,1.360979660892487,1.5735535648620105,1079.5088,,0.261274512350318,230.8968,2115.0901335202366,8.39378071996964,4.945631019872089,2.3849235218812623,1.948747799071388,16.29218714926673,345.99671023309355,63.73884623927221,33.68874371273845,,9.149484135323934,67.51064061088027,1.356466841148962,91.13440882834747,31.897396166733863,26.744205444414245,,,,,,,0.3925462534728489,,655.0817866016988,,0.1109707182827225,110.6716611035415,14.557762116800086,102.88005613910195,137.42059092024962,3.902885286005385,337.28734641658536
Salesforce/codegen-16B-mono,2192.126597836774,13.194287330316742,8.710411805097376,5.643803211832383,2.687641942565742,17.12811085972851,382.9408936651584,53.10359462737946,27.082104596588284,0.2602998047668216,9.090857297883888,70.55778621812263,1.855127509495388,84.83830710797612,25.06244845334716,18.695469343461745,0.0,0.0,100.0,0.0,0.0,0.0,1.6482714192113943,1.4151470932429286,744.27802359882,95.49098196392784,0.2926894542209211,167.2096853490659,1818.477249840749,7.884408202571174,5.3589479260210044,2.867657236546726,2.0152987095658306,14.964975755821508,317.7816342051809,71.69132828837836,28.79852011809569,0.125572953852052,12.473032025693769,84.09300523817625,1.0467423679850905,94.67967475365865,38.87888181418647,36.454904966695146,,,,,,,0.5155625888454649,,584.7084471528929,,0.1223507194331814,95.0113838098044,11.482209012246832,108.43736403494093,74.84031748565367,8.984957276399426,695.0855630530318
Salesforce/codegen-16B-nl,2750.2699115044247,18.674909255898367,11.33826958026956,6.968363862867953,3.679472627205956,28.8282667876588,558.0198502722324,39.380974071817306,18.6648883274571,0.3983457239705006,7.884197695035462,56.5135195035461,2.0841090425531914,61.7749335106383,16.055442032608813,11.73049645390071,33.95061728395062,2.469135802469136,29.11522633744856,13.991769547325102,0.411522633744856,20.061728395061728,1.7278129678400875,1.5273462896097036,783.3676991150443,98.4567901234568,0.3754354718650687,236.31703539823008,2073.594483238657,7.42986177217672,4.91527153537207,2.743510119607206,1.6691228679702363,34.401025861143445,413.41437779593326,50.36185341031036,21.44057328072557,0.0980761558468465,8.37258014283236,47.546298767021625,2.4986956091078736,64.8552174790877,25.634080888087784,23.659380747600235,,,,,,,0.7072845971732029,,570.1437813242295,,0.1383981553689167,133.75773094319646,190.6449865778061,196.12008765407327,580.5574243026294,29.736028001043877,518.6264905716793
Salesforce/codegen-2B-mono,2234.1927679835285,12.582304832713756,8.12226875292298,5.325780015865578,2.5236355764100367,18.495910780669146,383.99092936802975,44.94237277074325,24.46809364371414,0.2665372823584021,8.553950530035337,61.16791519434629,1.8235335689045935,74.07957597173144,20.27464703442332,14.460282685512368,0.0,0.0,99.79899497487436,0.0,0.0,0.2010050251256281,1.6523757872214009,1.760747644354185,758.2394801183889,95.27638190954774,0.3124827147787585,177.6692832325312,2072.3156078496195,6.45079395447851,3.915192823434828,2.0747859324093176,1.5721431890800317,15.97650290233512,339.5125113235636,53.852538035079895,26.85914569962149,0.1232322194489525,15.021723996060077,59.489480041288935,0.8768262444791467,75.14493153102565,26.641293889957517,23.373252930866634,,,,,,,0.5184150107738398,,662.0752747320494,,0.1255463131203956,113.2994165642988,13.882734665425229,109.1215283851394,85.88931475826514,9.459201074029336,703.0530986304198
Salesforce/codegen-2B-multi,2931.859156998091,13.17243998784564,7.945033612449968,5.189144228185568,2.5836697307741936,23.05803707079915,448.6329383166211,41.96650438626999,24.715203692965066,0.3238044570644028,10.695477084898576,69.55612321562735,2.0979714500375657,73.17595792637115,18.150802020590103,12.231254695717505,0.0,0.0,100.0,0.0,0.0,0.0,1.2976016421065244,1.9319081125025528,906.0215890732852,99.3,0.3052010209021166,230.6180055808489,2097.269979779977,7.065535997968545,5.16430560234257,2.6495320288459334,1.871261921864052,15.30353195251535,303.37212192325904,38.54784180685574,21.370719534972505,0.108032742051595,9.657642138196046,52.280025057203375,2.72169188261974,58.8611285126045,19.4937845656602,16.62019084291422,,,,,,,0.3575305808115422,,617.3461774834825,,0.1077057637567616,113.45260443753496,15.13079167848655,105.59906104696739,134.9714843351848,1.7230616021649692,290.8558125473748
Salesforce/codegen-2B-nl,2606.334203062961,18.12746462537694,11.112896741300345,6.831947220894786,3.6002067257816286,23.72616562282533,510.3716075156576,34.774233940262846,16.53574191677591,0.3962792967602906,7.798623748862604,52.49363057324841,2.093209736123749,54.98805732484077,13.66203700745474,9.723214285714286,27.593360995850624,2.489626556016597,35.684647302904565,16.59751037344398,0.1037344398340249,17.531120331950206,1.7682175208037372,2.382881388813996,705.3161656267725,98.96265560165976,0.3998885646947966,228.8305161656268,2281.5722212839605,6.643757753944697,3.9598799412309553,1.7953658431669908,1.4563855310807832,21.59160617746174,448.703384360247,36.365892164516346,15.296564980979866,0.0935597957698955,19.17785635577048,44.1855366820194,7.585869998723906,49.57952608651122,18.451950522386163,16.873492895879973,,,,,,,0.7060687261190415,,597.1611657588317,,0.1270943746963155,139.9584458051992,179.16730389122947,177.23876089327499,561.1407118517761,31.857963112936567,460.0815760628024
Salesforce/codegen-350M-mono,2464.3324389589484,13.823193010325657,8.805374152028444,5.682223945391564,2.78340352145186,19.276568705321683,432.58792692613184,50.22889184465531,27.12338981827173,0.2723821335547468,8.88196697139487,68.95488056620466,1.8672957829548809,82.47036272485992,22.691121027455203,16.311633736360957,0.0,0.0,99.69635627530364,0.1012145748987854,0.0,0.2024291497975708,1.621862422298067,1.7631744592143666,824.1141668902602,94.63562753036436,0.2978608892583586,185.84464716930503,2096.381798385416,8.354023480421661,5.540898058267632,2.890091414648506,2.1966755221360192,15.88300900963056,354.71473622574854,65.88788936878031,26.77987503976932,0.1232530143753354,12.239365623194802,63.60302017038225,2.2925605777070346,82.43879756513441,32.04758662566392,29.73379039702071,,,,,,,0.5040518878493093,,662.3685301624979,,0.1235784186638517,108.83048815077846,15.733672606214425,123.68248216164191,82.23502572932662,11.25625658898668,675.9207566080471
Salesforce/codegen-350M-multi,3121.926640926641,14.94387338880731,8.561010671991019,5.512585956567977,2.9002590990755275,28.320770109316364,545.1633219122206,43.59364156777026,25.911547769688784,0.301942848024091,9.43654805989374,71.74496860408952,2.0366285622283047,79.72146192239575,19.51668601987336,13.21687328932539,0.0,0.0,100.0,0.0,0.0,0.0,1.4865589017711551,2.0015962190618235,1029.265945945946,98.48331648129424,0.2759786618601886,233.8460231660232,2079.633018994176,7.813922299399472,4.252680472873443,2.030585953619972,1.8875653128790533,20.131787071793795,346.4228927327981,50.761292987836775,23.275035920865047,0.1035437592891189,11.37021748655584,54.30617096168004,2.254690347379279,70.03782372686251,25.769145990948545,23.18807506582416,,,,,,,0.4297783500584685,,657.3352661719857,,0.1078969443125875,113.4714790839868,22.712163183202055,146.34856032377786,142.64328266597303,5.543055747437972,366.24787287093284
Salesforce/codegen-350M-nl,2949.926155717761,19.198739760554503,11.771429158561974,7.148173852562302,3.8135396368371928,26.18185255198488,598.4764965343415,40.01404366061098,17.10064730187862,0.3806362193165251,9.866268000976326,57.522089333658776,2.5198315840859165,61.306565779838905,16.189749796998935,12.252562850866488,36.965811965811966,5.021367521367521,25.85470085470086,16.45299145299145,0.3205128205128205,15.27777777777778,1.725880735361645,2.304872136206325,804.08199513382,97.32905982905984,0.3796712362541931,239.34014598540145,2515.434649589768,8.86131747383531,6.737346397566571,3.454892107416486,2.2262803030472225,25.536009606282647,519.4981446448361,83.81862634587054,16.84945512088057,0.1033896110486363,47.47016631349664,77.02522695350073,16.23981074955314,90.9343855390578,42.1844739808022,41.41509509149597,,,,,,,0.7314363695976488,,671.9044716484663,,0.1394911270506468,148.97879534988775,184.45759739833858,165.47064984199542,575.1729264194939,20.735908182867032,565.6031418592689
Salesforce/codegen-6B-mono,2481.951492537313,14.096697118763176,8.799705018332109,5.65828417288718,2.8418375402253444,19.435558678847507,422.5353478566409,48.5163307518318,27.40545129920004,0.2835971287380658,8.745704419889506,72.14558011049724,1.843853591160221,82.33342541436464,22.13648434029812,15.657113259668508,0.0,0.0,99.79939819458376,0.2006018054162487,0.0,0.0,1.6244352887759903,1.8312415433676223,813.6580030880083,97.99398194583752,0.2915643409420639,187.72452393206385,1924.6950254588264,7.812089234804585,5.826923608853451,2.784466045579715,2.0619005905572982,15.326281304223748,314.2369266653975,57.15020670559449,26.46710405413034,0.1120165874867789,17.777308020142396,68.4837285172529,3.057081862573532,76.12212228732332,28.77008063349632,25.95033780655784,,,,,,,0.5063036210225873,,598.8276760766302,,0.1151189559667766,102.10220126921791,14.38414374218631,132.57705924772225,94.56367612825984,6.462742316500165,568.4306302217141
Salesforce/codegen-6B-multi,2832.0892830963203,13.750574184657786,8.335585718144046,5.400301002480139,2.715543805581897,24.26167508804165,475.95666819782576,46.79461041044862,26.24942526175907,0.3164000029978226,11.125930971843784,73.0034816833182,2.3305328489252197,80.5293672419013,21.14572782118945,14.869058431728732,0.0,0.0,99.89969909729189,0.0,0.0,0.1003009027081243,1.3852216386057523,2.0101021833194337,919.0126081219762,98.79638916750253,0.2955542133566741,220.6147192493769,2087.826807425484,6.893514771966216,4.424943850336567,2.262567687125644,1.7036203487624797,18.965666168853076,338.8443492121005,58.951966218618736,25.88701591640507,0.1037866846231604,21.67837009431726,62.707149802707846,8.163640392077625,78.28464465829599,30.396984578972152,27.94760878404277,,,,,,,0.3889736651830529,,655.7308687830927,,0.1103881631445283,116.15352458297596,15.23531906718584,122.11582554123743,124.44337173421683,4.753585431986871,338.1680977706255
Salesforce/codegen-6B-nl,2462.4927168395498,18.426999101527404,11.373361017155098,6.977969390827695,3.674905556735258,22.04357592093441,484.7675202156334,34.9931874394498,16.51660137719365,0.4020871514194077,7.5207937209816516,51.66604023877957,2.0677094848551847,54.1705726287862,13.616603965392535,9.769732478443512,34.352701325178394,1.7329255861365953,31.39653414882773,14.5769622833843,0.3058103975535168,17.635066258919473,1.7840998153282603,2.4320779536897,658.8350253807107,98.4709480122324,0.4045417054248449,225.8740896049437,1934.8798819281435,5.974700981739852,3.136405514846341,1.5868713309488272,1.2352331564258463,18.04282956255452,385.5076408403879,35.33939987560432,17.93698085707484,0.0871772520212417,15.620958495497336,41.52205089517888,7.360150770269704,50.446020612394285,17.937620078324407,15.895565693167148,,,,,,,0.6950974392500996,,501.6198390244093,,0.1156260233804617,124.65400092500307,191.94944402110198,188.87950778121277,563.2503893328993,35.70089355760211,489.8408191002201
TinyLlama/TinyLlama-1.1B-Chat-v1.0,,,,,,,,,,,,,,,,,6.0046189376443415,15.58891454965358,15.819861431870669,45.49653579676674,0.3464203233256351,16.74364896073903,,1.7565229869027972,,93.76443418013857,,,,,,,,,,,,,,,,,,,,,,,,,,,,,,,142.48560345637054,188.2996063887911,663.7759787695478,10.29801481843789,432.14362341246374
allenai/OLMo-7B-hf,2371.658331666333,18.264617239300783,11.808723315335014,7.105404056097041,3.6793883624837114,22.58428772352823,478.3522202129797,29.93338599210868,11.071780308749943,0.4047797420834836,6.940300601202406,40.6813627254509,1.9953907815631264,41.60941883767535,11.285853504005804,8.796092184368737,3.5819142689371697,11.156782149148562,5.284791544333529,24.897240164415734,0.3523194362889019,54.7269524368761,1.1658980004343362,1.975574559822906,589.2686537307461,99.58896065766297,0.4990061093602345,214.000600120024,2364.852249454667,23.32279318943361,18.35976078686403,9.12843678312753,7.482353782882918,24.43229190936742,478.4858240923519,43.81039917962919,14.3743401681915,0.0728734051323214,6.972535378830124,47.86976605699464,0.341778323537451,51.67360520044784,21.85597734499333,21.037116611126617,,,,,,,0.7703691499870318,,590.1824566796923,,0.173081963433142,147.29387086161216,234.41453721010262,290.42874783230656,724.4566427573735,1.619444125803818,242.36836955714952
allenai/tulu-2-70b,2796.88,18.227272727272727,12.80979395430474,7.050410773511538,3.8358597800737,23.318181818181817,525.1136363636364,62.660746256759474,21.44289133834236,,11.295833333333336,66.66666666666667,1.9791666666666667,88.0625,27.66883246637345,22.83333333333333,,,,,,,1.263765385746956,,925.22,,0.3274253753822634,197.74,2564.779822192644,23.63247345609199,24.01696508580025,8.241453603532308,6.8567886459571366,20.05534697153755,409.8804269046085,112.06360370689345,22.60960477473666,,10.434337511579525,59.31811602612552,0.7141306875417754,114.21496659260552,54.2490051427098,54.36291372699672,,,,,,,0.6478082681393605,,735.785330550332,,0.1892721766063092,135.2748992509214,45.765281313463575,60.06693172392094,231.68673664940934,4.29049512313721,791.5963502188152
bigscience/bloom-1b7,,,,,,,,,,,,,,,,,0.6353240152477764,0.0,96.82337992376112,1.5247776365946633,0.1270648030495552,0.8894536213468869,,1.7294358822315086,,92.75730622617534,,,,,,,,,,,,,,,,,,,,,,,,,,,,,,,43.32788740537165,175.18123331815366,157.73627152229483,17.85141477339515,356.75190744317825
bigscience/bloom-7b1,4534.997571001495,20.65096094234346,13.258613524340356,7.765146804039455,4.23961189970213,34.04794379003926,988.3182475718124,115.26805818567472,47.68354092059202,0.2901492509856247,18.45667370846937,134.36508546187824,4.128576915690417,179.76262723257153,56.09637367092904,44.81534472825043,17.494356659142213,7.674943566591422,50.79006772009029,17.268623024830703,0.1128668171557562,6.54627539503386,1.5133668824874411,1.8790224889803704,1499.520553064275,87.02031602708804,0.2903938276567666,250.56707772795215,3412.3889443888183,28.711538504230973,27.162101536661638,12.89122172222206,8.508839957477528,35.013636162292194,731.1539252364463,281.05930324562127,75.49320615311765,0.1261376658627158,102.94374058147778,206.73722962966423,45.81753305527021,317.6167477111228,145.96883804727668,142.27519115448138,,,,,,,0.846321865974912,,1093.5481631256714,,0.2220846605776276,170.2808160935606,139.39645734203972,170.12492585711786,399.86726137750287,11.570209063330433,506.82114515804517
cerebras/Cerebras-GPT-1.3B,3325.537113402062,18.886876241673484,11.333004729799017,6.931851760118687,3.670244329657823,30.633983872852635,671.4577538857076,36.542182051594246,17.353728789549326,0.3838177259128094,7.998198508318993,56.60642570281125,2.1292598967297764,59.39816408491107,14.444097014525903,10.4548479632817,29.629629629629623,6.209150326797386,31.37254901960784,15.904139433551196,0.326797385620915,16.33986928104575,1.7162957668807977,2.4443728943716825,906.4030927835051,97.82135076252725,0.3747336298919473,264.2478808705613,2860.919703132012,7.68523347898407,3.936314277601992,1.8726510569851,1.7016301531428146,29.1907198075117,586.2537177056264,43.24031702100828,17.826731768996925,0.0901132476654189,20.159514144046007,51.26570122067782,6.544811232627038,58.5493072976974,22.385531395837017,20.96212053088372,,,,,,,0.7497604538656404,,761.6229098527176,,0.1390318647981314,174.45956733019503,188.68852553877252,195.39123574830214,627.9399271836301,21.234433937178867,512.4886715242142
cerebras/Cerebras-GPT-13B,2881.4043168669336,18.361880963198548,11.23448060842757,6.910967870441915,3.628854680713721,25.462062698773284,570.7021808268969,37.037924149062185,17.73891277989607,0.3862276556908487,8.291722445336907,55.76171352074967,2.06760374832664,58.93440428380188,14.695015711123624,10.500669344042835,30.157068062827225,3.350785340314137,30.052356020942405,14.136125654450264,0.6282722513089005,21.675392670157063,1.7005567079908157,2.102241513175838,789.1179350244771,98.1151832460733,0.3925475274628699,241.2981753449043,2551.144475428749,6.4284501469328,3.405386576956363,1.7122943106769888,1.287513833191959,23.18061240703868,512.6347294807936,45.04078356348353,19.25322583408881,0.0935404678968693,18.38941879286037,48.65201570660733,2.0755216902110654,60.23754241362188,22.548286887062893,20.499624499951047,,,,,,,0.7386401525844342,,681.6928940197723,,0.1395642109473402,155.8430662730053,180.086124117417,182.30235488032162,551.663852619882,26.733766206187454,517.4628559338034
cerebras/Cerebras-GPT-2.7B,3017.1121983039798,18.591742106425254,11.271997496291362,6.918960586435874,3.666051314660809,27.563700596158093,608.967542503864,36.024766836576816,17.356723980138494,0.3854476539187181,7.570343777197565,55.34073107049608,2.0013054830287205,58.19821583986075,14.252918050501448,10.172758920800696,26.603575184016822,4.52155625657203,36.27760252365931,15.352260778128285,0.0,17.139852786540484,1.7508292601993225,2.1042265463824514,815.5368558382257,98.9484752891693,0.3897752871398837,248.9778212654925,2701.9196923569784,6.636612872253297,3.545756804252256,1.833568498778111,1.4193398577288698,25.2392914114324,551.7994770657058,42.76486062875865,17.200527599213213,0.0813364675952904,8.062257584441433,43.70258194994087,0.8662128297775564,56.714983034108,22.08182500314053,20.83653498157711,,,,,,,0.7037388773484896,,704.8816181357515,,0.1361439475489442,162.5080101333363,207.5619961926549,212.28946892032593,597.0740402942102,32.285179603607176,473.90031489580537
cerebras/Cerebras-GPT-6.7B,3317.853170634127,19.252704633598693,11.687352260970693,7.1181841875784135,3.7857532870640846,29.4300877730149,661.8634415186773,41.55737301699441,18.285378545100432,0.3892463348227502,8.15732611745841,59.17017438364402,2.25826819001804,65.88013629985969,17.37854499265279,13.142413309280418,32.87598944591029,4.538258575197889,26.01583113456464,14.564643799472297,1.0026385224274408,20.844327176781004,1.6728832929645343,2.229540600168069,900.5825165033007,97.15039577836411,0.3823173454915348,262.6125225045009,2832.773267206326,8.536739658527127,5.566683926833116,2.805440893098972,2.071734567822568,28.71670726938664,571.4999508697499,78.87186218944957,22.113819231594626,0.094849891592993,20.00814859422161,64.28584898112453,8.411256899013308,94.18063732894556,41.82474234644554,40.67719149186207,,,,,,,0.7410763565107514,,746.0762587403052,,0.1492955871196652,170.81791590865518,183.44444345297597,171.13281676754323,578.9237974217693,16.731030387892208,487.22569249584046
facebook/opt-125m,1093.216628022524,15.91260095143268,11.16873186562389,6.677137348435758,3.4720181397556757,12.887930080761146,241.1606372386326,22.97359511424685,8.438294156360225,0.3791985100802942,,,,,,,2.783300198807157,19.4831013916501,0.0,4.7713717693836974,0.0,72.96222664015905,0.4844332261298308,1.7409701261762145,283.6662250193221,99.80119284294234,0.6257422173960816,112.76548526001989,1829.0181258416287,5.649446591646037,3.0689129277939244,1.5125668688755505,1.1827520598944714,22.2415295570331,400.5203384537061,22.40358739584491,6.671769940394846,0.0555758060817757,,,,,,,,,,,,,0.6694340808948878,,473.2289087154065,,0.1799988119125579,112.3748734314861,319.67795884401284,368.12350027873606,806.143100676238,1.2320942370306933,349.18762573420696
facebook/opt-2.7b,812.632442903752,14.587562544674768,10.49032984045758,6.377831249035936,3.2337679132913912,9.376901868681712,173.55018891044622,21.453630866187304,7.831376509767328,0.3850212790362287,6.087326672104405,26.12398042414356,1.9576876019575855,26.70065252854812,7.890844589335573,6.020544453507341,2.680067001675042,11.892797319933,0.1675041876046901,4.355108877721943,0.1675041876046901,80.73701842546063,0.3960332707042364,1.7821773466226605,212.4910277324633,99.83249581239532,0.6831465909611611,101.44290375203916,1413.1175490016706,5.330869787042512,3.0497025885102675,1.521791699120019,1.154959754940755,14.642664488509489,287.74339961761336,20.274315114831506,5.474059195182719,0.0567325051273836,11.8466488415507,24.08402154502067,2.027528740390363,24.657654183874246,9.898044305045987,9.579239965942175,,,,,,,0.6241141176314166,,363.4771839073444,,0.1638084828681418,107.48920615958562,285.16236087686326,300.2303355089682,707.3040281927953,1.480450463437453,368.80781206107935
facebook/opt-350m,1429.5444208289057,16.079812706182825,11.17532670173907,6.6809603251802905,3.4479699181330465,15.762477386399915,306.65159093327657,23.257198195634377,8.307483422989192,0.3816249344153311,6.166308853225636,29.314061005420346,1.9662025720055267,29.855563821872675,8.401846329336317,6.450526092039537,1.7605633802816902,17.781690140845072,0.176056338028169,7.570422535211267,0.176056338028169,72.53521126760563,0.6112064935662858,1.890307546740942,361.6596174282678,99.82394366197182,0.6232243869166842,136.14250797024442,2235.6155733033725,5.965814967379061,3.0231001978015595,1.4866557377441738,1.1452606878036695,25.61074737141141,476.0565115653373,9.426838234009034,5.656184357660548,0.0560740328590817,1.6373451466266675,17.63198546502746,0.2543598822890835,17.7792306568623,3.98394447658837,3.2041416214363045,,,,,,,0.779013437664009,,559.1336916585253,,0.2015699018525037,142.27333543743137,297.85653455432384,344.94597944967563,754.3008049953613,1.3900120276923102,228.3113338533118
facebook/opt-6.7b,784.3226661231146,14.462645437844458,10.438936984759533,6.352207230676949,3.2204483678563207,9.200040824658094,167.40967544396815,21.13141726883034,7.706296574582704,0.3846062665093054,5.983153281695884,25.478903383611904,1.937780269058296,26.012433754586223,7.704541245081697,5.850591112922952,2.103559870550162,8.576051779935275,0.0,4.692556634304207,0.1618122977346278,84.46601941747572,0.3926767754891285,1.7836863386671713,205.0264981655116,99.83818770226536,0.6859694748343091,99.22339991846718,1378.5837437612347,5.203550417686278,3.040219447483863,1.506784084253227,1.1666465909443162,14.702534312339438,280.2014172113758,9.57968738982871,5.539544463060962,0.0573388997476814,1.816992572776652,16.095840887157685,0.2497991150222267,16.257960774113307,4.158105875731032,3.2884181769285306,,,,,,,0.6112359626049548,,355.45493626114165,,0.1615889237467491,105.2852740004575,273.87053903002766,297.1814346517893,711.9308646133328,1.7281767657158835,340.5287857076403
facebook/xglm-2.9B,,,,,,,,,,,,,,,,,3.744493392070485,31.938325991189423,0.0,52.42290748898678,0.0,11.894273127753303,,0.6982090200616303,,0.881057268722467,,,,,,,,,,,,,,,,,,,,,,,,,,,,,,,0.23666305098116558,0.0,0.15777536732077704,0.0,89.85307168918253
facebook/xglm-4.5B,,,,,,,,,,,,,,,,,1.9830028328611895,16.43059490084986,0.0,52.12464589235128,0.28328611898017,29.178470254957507,,0.9796857540888696,,2.549575070821529,,,,,,,,,,,,,,,,,,,,,,,,,,,,,,,3.705691583657183,3.9447684600221624,14.105535705533793,0.7172306290949386,328.2525512491169
facebook/xglm-564M,,,,,,,,,,,,,,,,,2.6252983293556085,31.5035799522673,0.0,43.1980906921241,0.2386634844868735,22.434367541766107,,0.7550619684169696,,7.159904534606206,,,,,,,,,,,,,,,,,,,,,,,,,,,,,,,7.488299531981279,15.392615704628184,31.755936904142832,0.8320332813312532,275.2643439070896
facebook/xglm-7.5B,,,,,,,,,,,,,,,,,2.9082774049217,22.371364653243848,0.0,61.29753914988815,0.8948545861297539,12.527964205816556,,0.8980280375687415,,1.5659955257270697,,,,,,,,,,,,,,,,,,,,,,,,,,,,,,,3.80457182714562,4.01593692865371,15.64101751159866,0.21136510150809,263.9950117836044
google/gemma-2-2b,4031.918277491409,20.708836206896557,11.926845014743868,7.119651661639387,3.9085832739576367,39.06163793103448,815.8051724137931,30.345120005763093,13.16915373080866,0.3933824440167162,6.80953608247423,46.91580756013746,2.006067439862543,48.35266323024055,11.041949050917978,8.167525773195877,7.956989247311828,11.963780418788907,1.4261460101867571,23.486134691567628,0.0905489530277306,55.07640067911714,1.782538721927592,2.6617896351755133,1035.6986683848795,99.01528013582345,0.3800730175140702,329.2440936426117,2735.897313940556,5.869919625020969,2.810409535613449,1.3505041487073497,1.1070756124760972,29.4779628806511,553.4318095855867,24.40674846269557,12.357371601656585,0.057598755752223,6.931588362319496,29.539121638358107,0.6088027648166757,35.8482295227744,12.000849681372165,10.634790111548496,,,,,,,0.8394037347346281,,697.7943918232361,,0.1185646830511846,161.64946947033192,241.34042099708535,224.26655828452394,688.4646975450843,1.8775656235151752,345.3415772579238
google/gemma-2-9b,2818.260660247593,17.767433188315724,10.718697898278938,6.538691859441354,3.4408573755942675,29.32256059664388,589.6077066500932,33.9845458941086,15.628732873962292,0.3760227132224105,7.829545191528759,49.67874088647147,2.0037611387570884,53.02546001620183,13.413043968161816,9.833236893878023,7.3248047096116835,6.2153288803351066,20.89890184535265,13.777878410506055,0.6000226423638627,51.18306351183064,1.3445561366191614,2.6824002202156736,843.4989683631362,84.73904675648137,0.4187474383358489,284.68661164603395,2436.744519283748,6.700758910808199,3.6504255319849976,1.8008266937613604,1.376184873163776,27.42786222999087,510.2853238500537,34.88751054701385,14.541492480333597,0.0980117371259582,12.548962028534037,39.45220049221479,2.3732448551666514,46.27954337034178,17.162480672442452,15.67495529167188,,,,,,,0.7251403500300297,,719.4410246426488,,0.138985538783263,181.27939007033177,177.44408028446983,193.9038510772221,553.2755133856464,9.757315649997185,473.8377414641156
google/gemma-7b,1901.6195640502524,16.003116304952698,9.551984074079554,6.0105301799230855,3.1405540632351734,25.69983305509182,474.5932109070673,32.20648442565144,16.429225968739264,0.3544913489362702,7.78361741396157,48.87069807838454,1.9534795353381824,52.390511345130825,13.060726597874584,9.224405601997612,9.803921568627452,2.683178534571723,47.6780185758514,14.138286893704851,0.2063983488132094,25.49019607843137,0.5658688115092625,2.453182609150061,606.6706753999786,95.6656346749226,0.1927715109322305,146.21453881670783,2946.687255494201,6.2849770333542025,3.5479988320791658,1.8006578900277137,1.3183203443942342,23.2025881007754,429.2717240191684,31.62410869139572,16.3854945275801,0.0925095911814753,11.54029036890726,37.97596935345755,1.878857909435656,46.08752032801256,15.745434159933188,13.741939944266935,,,,,,,1.1657295340722384,,915.357213134639,,0.2483554943174688,212.7881474090495,176.9698379886447,229.75869716477317,521.0411680974129,8.182249754298327,664.6637718269826
huggyllama/llama-7b,2785.6520909248657,15.660628465804066,9.469183911433127,5.963483367800664,3.10405648064177,26.47079482439926,551.5957486136783,45.08386158337787,23.33990562538599,0.3169807702159387,9.419808612440193,67.9451355661882,2.111802232854864,75.83604465709729,19.86257559471524,14.265709728867623,4.131227217496963,1.0935601458080195,77.88578371810449,9.720534629404618,2.551640340218712,4.6172539489671935,1.7233773092399107,1.9184971787508605,848.1768176297068,97.56986634264884,0.3494811139249522,191.2330383480826,2685.137651041435,8.717277486516911,4.990402065690671,2.614094821457205,2.0885837536258087,25.782833581694256,523.8117546654843,65.70375627194167,29.86529743104966,0.1191645777081826,25.751958782655628,75.65289779801435,5.463101201917035,89.0527319491595,32.158343261301454,28.619110420741496,,,,,,,0.8635989638104125,,772.3178508169614,,0.1846950022231238,142.39220761533736,117.76525140065075,197.59416718715684,319.8763907212047,13.538455787409486,583.5678784093404
jb723/LLaMA2-en-ko-7B-model,137.78966975432945,,,,,,,,,,7.121591137965761,9.931117824773414,2.5307150050352467,10.886807653575024,4.081266898478418,3.527291037260826,0.1183431952662722,1.4201183431952662,0.1183431952662722,97.98816568047336,0.2366863905325444,0.1183431952662722,0.8572840222213425,0.7918394034407461,66.27104309303262,94.31952662721892,0.728289616890019,46.33960934353605,61.25986518497079,,,,,,,,,,2.1764349680597785,4.125460511291568,0.705797594254053,4.774309942626227,1.577137600474391,1.2489513881170025,,,,,,,0.4750292019767814,,28.227434755967145,,0.0905580364104781,11.348958626924466,122.31908846826249,197.95039168288378,238.23860512605702,0.7272240693713584,123.3372021653824
jisukim8873/falcon-7B-case-0,2950.491932864104,18.503299203640506,11.795756174094622,7.148633493455663,3.707752442821229,27.915017064846417,595.0773606370876,39.73599940673771,16.300873674719885,,9.236351819757369,55.80535095320624,2.7268197573656847,59.29852686308492,16.350877792942164,12.525996533795494,3.307607497243661,6.284454244762955,1.6538037486218304,16.979051819184125,0.6615214994487321,71.1135611907387,1.1757605251176944,2.60073886614244,760.9761775852734,95.25909592061744,0.4835061231215863,272.4450460205739,2863.1165905010503,9.494357370552285,6.760400452723362,3.4162204292303526,2.5394128608458524,31.714862164449997,577.5742801388432,78.20257289146929,24.970401189250552,,44.22634148104762,83.39217787650121,22.40386631085399,91.32778922368033,39.39069714259012,37.87748376128809,,,,,,,0.7785990189133453,,727.5033335757106,,0.1677770129018813,192.88909910878436,180.59882218861435,220.65524170687905,771.5887992035099,3.3906313333525615,432.0963326799396
kevin009/babyllama-v0.6,,,,,,,,,,,,,,,,,6.65024630541872,16.625615763546797,16.133004926108374,41.00985221674877,0.2463054187192118,19.334975369458128,,1.5888709670703327,,91.87192118226602,,,,,,,,,,,,,,,,,,,,,,,,,,,,,,,123.41024392762941,178.96114795842908,583.4098328108306,9.977102799755535,421.7707402157962
llama2_220M_nl_0_code_100,,,,,,,,,,,,,,,,,,,,,,,,2.044718154640227,,,,,,,,,,,,,,,,,,,,,,,,,,,,,,,,,24.877215618336294,113.12791129157097,83.09378867680248,8.286232965541862,1036.8160571085325
llama2_220M_nl_20_code_80,,,,,,,,,,,,,,,,,,,,,,,,2.0535612833998678,,,,,,,,,,,,,,,,,,,,,,,,,,,,,,,,,89.88401897324532,201.9634243055045,303.4072025731084,5.6988154165035585,1204.419913687671
llama2_220M_nl_40_code_60,,,,,,,,,,,,,,,,,,,,,,,,2.089133655386597,,,,,,,,,,,,,,,,,,,,,,,,,,,,,,,,,153.36893983669702,271.14811934892043,531.9425592772451,4.423402944949373,836.3229110074519
llama2_220M_nl_code_shuf-hf,,,,,,,,,,,,,,,,,,,,,,,,2.1533635449411763,,,,,,,,,,,,,,,,,,,,,,,,,,,,,,,,,202.6284670705917,268.33154783546496,614.6614204587526,2.9048551452483893,639.6965291901483
llama2_220M_nl_only_shuf-hf,,,,,,,,,,,,,,,,,,,,,,,,2.016057067973771,,,,,,,,,,,,,,,,,,,,,,,,,,,,,,,,,248.02932189819504,366.1274014084153,854.0613616021367,1.6985401259934603,420.21882717078205
meta-llama/Llama-2-13b-hf,834.6280203045685,,,,,,,,,0.389064490580491,7.254690679690681,37.22619047619048,1.927960927960928,39.71357346357346,12.508192687309608,9.76663614163614,6.159014557670773,8.958566629339305,12.653975363941768,23.852183650615903,0.4479283314669653,47.92833146696528,1.1655008166362792,2.3254376042354465,230.1148223350254,88.46584546472565,0.6079643863921125,137.17461928934011,271.99814982572906,,,,,,,,,0.1013740130073608,4.686479762907189,20.96572143359532,0.6545756684743812,22.82125316412021,9.39703502449827,8.679580462884438,,,,,,,0.6500801138484756,,58.75466262635671,,0.1146380466056308,39.853661206810095,145.42456369893915,134.62263876672185,530.3282897183313,6.021343289918435,412.5167548438666
meta-llama/Llama-2-70b-chat-hf,877.3012,15.085205595591352,10.87011586969762,6.682534051220284,3.288208178424106,9.08774904620602,174.64624841034336,32.324591400683545,9.767219040672334,,8.138976219266427,34.79363160016123,2.2580612656187022,38.995969367190646,13.325630342192484,11.20012091898428,,,,,,,1.492202127788961,1.6430258127441917,231.7166,,0.5210166861214865,115.3562,305.6466928640514,9.727701617119584,9.210232066121176,4.595615769753542,2.808592566247755,4.583261838829482,52.88851598065544,29.30343908187242,8.037494621225559,,12.839789636279423,26.343453935419987,4.940257809954257,32.48710381716282,15.602556180464791,15.415796166546128,,,,,,,0.9518773836146894,,62.70600204907498,,0.1679196710233019,43.68249252951025,143.43990410591027,165.14282665976063,681.3851388781869,5.836080014480774,422.2723051102632
meta-llama/Llama-2-70b-hf,860.1798,15.643982356647763,11.166295948229497,6.833883766173277,3.368806026473637,7.942764125183785,167.555345515648,32.32234187296366,12.2112985990305,0.3932656170189407,7.088317148863752,37.02412653919311,1.963860246270898,38.950545600160176,12.085850056738266,9.40809890879968,,,,,,,1.146570012211427,2.332495793779056,230.1506,,0.6186849817831575,140.2629,254.2023626091536,4.84670596653095,3.2957429267653806,1.6399935501385334,1.220634598068564,3.3695232418801297,46.70514811473539,17.529530789756944,7.592898966834273,0.0921456257375862,4.342864167484656,19.262010437675418,1.1171473380368189,20.48314116369296,8.236525440426782,7.540464703754752,,,,,,,0.6507598956983359,,54.19879953123559,,0.1005739758682399,36.53958808935555,161.54762062536227,147.01577507400197,574.2752852368773,4.382804618290269,420.07496572228274
meta-llama/Meta-Llama-3-70B,498.6737,10.260692026649474,7.985196345990637,5.2216913872548085,2.1563967723805484,5.127444659359553,110.22437137330756,36.6247234480337,9.60802879747574,0.3030363453246146,7.909898063200816,32.14546381243629,2.1339959225280327,41.11692150866463,15.514393088836387,13.446075433231396,,,,,,,0.8554854608133435,1.8653802190095272,167.4783,,0.6299483847043384,79.3077,446.3229308966484,7.006395110311397,5.326993759262114,2.8297763822099053,1.7999986396543408,4.91453773351136,92.79178890261188,46.2307637312353,12.33545076031608,0.1756036517047816,11.706424910680676,35.92745185017228,3.312105377949483,48.5892737342447,22.43558551045111,21.96451469067223,,,,,,,0.8416397286833913,,139.86551885810366,,0.2365425267698543,66.40528282349746,111.47570044299509,129.30298910891028,365.6499229857119,9.926330584508467,923.810499731588
meta-llama/Meta-Llama-3-8B,,,,,,,,,,,,,,,,,13.261648745519713,2.2700119474313025,50.179211469534046,12.783751493428912,0.955794504181601,20.54958183990442,,1.5073382250297704,,96.7741935483871,,,,,,,,,,,,,,,,,,,,,,,,,,,,,,,153.73194222735273,230.65903936179544,439.8628454346045,7.824130658091908,2192.131919732977
meta-llama/Meta-Llama-3-8B-Instruct,,,,,,,,,,,,,,,,,4.8152295632698765,0.4479283314669653,84.21052631578947,6.718924972004479,0.3359462486002239,3.471444568868981,,1.3456654370538668,,98.43225083986562,,,,,,,,,,,,,,,,,,,,,,,,,,,,,,,99.20817725457574,260.3433162315766,475.3108193838629,10.134699367963295,1266.475467446556
meta-llama/Meta-Llama-3.1-70B,692.1466,12.26389343814827,9.18255168104284,5.851286077882764,2.6399792249925427,6.662517742111584,145.4034283218692,41.800261931577744,13.401686282555389,0.3156571009762518,8.779483425703233,41.66370385862177,2.1016417442225244,50.21813238523476,18.00875891230834,15.118948028861237,,,,,,,1.1727850606322288,1.952905826571619,225.0331,,0.5299674967245133,101.7622,431.7104764793069,6.665737211876257,5.276207217030515,2.7724633832025787,1.735759652591966,4.959381276157793,83.6677998045533,43.83682769754878,13.095867561694792,0.1510013313926321,10.97412580908711,37.74619898982375,2.676093601851417,46.93043634432146,21.62430825851512,21.13624418923513,,,,,,,0.8458448644667667,,129.92169398929073,,0.2220811925097067,61.1386117289591,94.83540047729772,118.18305543941125,322.359453907597,8.105219327812923,716.3511313932627
microsoft/phi-1_5,6583.429735013032,18.95086422437221,10.382163486793376,6.359031348032171,3.3432683961927183,69.70246765952821,1275.7370366344169,24.761972127159336,10.692484756253537,0.434250390070956,6.456116905693179,41.804215558452846,1.9391568883094308,43.705780095610606,9.366162162919457,7.019936983920035,0.6718924972004479,53.191489361702125,18.924972004479283,22.620380739081742,0.0,2.9115341545352744,2.8223905541734213,2.3616253426528773,1634.0597306689835,100.0,0.3449771498888412,553.1371633362294,2265.988611675133,5.146339723341201,1.7513742342685563,0.8216582735200401,1.1396555543323554,25.892224494408502,420.52948481894725,12.704544192908164,12.08688579008262,0.044223263102965,3.4080710760151343,29.235201400308394,0.2582678606774297,31.850219278861683,6.422736757305857,3.681045621417189,,,,,,,0.7154457524456315,,514.215968491202,,0.076964512217015,185.4837167055039,199.42106244525127,193.63574503315982,801.7588816623469,60.81759253823056,328.78320125944725
microsoft/phi-2,2173.62361814237,14.334647302904564,9.72439316038466,6.0492798022888605,2.912140548033329,21.682883817427385,413.5661825726141,27.09225074318088,9.35142927893721,0.4021848524510542,6.799441051650969,33.2689162612566,2.028775489079805,36.1648897629645,10.840989493761372,8.82439706034572,1.406926406926407,20.77922077922078,21.96969696969697,44.696969696969695,0.2164502164502164,10.930735930735931,2.3126465482282232,2.166804399933393,547.6457278644488,99.56709956709958,0.4647636268794581,197.524847608224,2371.39231029808,5.312051082334478,2.8235563702199693,1.4536495856828684,1.1039251689616905,23.41600061132676,436.7273995909543,17.184427144877187,10.202403204158896,0.0919795777420889,2.523798269344282,24.630946113031623,0.9885746444036436,26.89805311584836,8.728687116946357,7.455036107166972,,,,,,,1.057782146739246,,563.5927262912642,,0.174310854304455,176.4425730497994,191.84079367396438,165.811402803065,693.9475534392759,51.19842386239179,418.9847805543148
mosaicml/mpt-30b,889.1099381531243,14.742644572201556,10.512331223154114,6.477275154734985,3.1442168635528427,8.83271333558787,175.7964152857626,40.05755788293472,13.900940725699003,0.359133630590594,9.043772319013096,42.9602856833676,2.2746997078238285,49.644086137863866,16.816978718123668,13.762633914078563,10.392489242404483,14.004433433302909,27.5524840266006,13.43069500586778,1.4604250880166905,33.146433694093105,1.1669458369395738,2.3559360561073954,272.0889315419066,92.71091406963096,0.5368119869037721,142.91074856046066,286.99711254641227,6.141985305427769,4.713616915036753,2.40879102351827,1.6082516693238829,5.0246797806186745,55.76246820718714,34.42281550202271,9.987692215575985,0.129881477390982,10.503524764311804,28.0503404985154,3.055069793597113,35.72996633723965,17.331773862996275,17.248848900366596,,,,,,,0.6252900340107126,,58.41490515618332,,0.1470191909362193,45.94879899747716,138.8870387418392,147.1676968885487,469.1532883033544,6.000476917905435,651.9758190380971
mosaicml/mpt-7b,2000.4653957728967,17.347548865893174,11.20646579068584,6.860607736497877,3.50730543344828,19.079021636876764,398.762830563395,28.834947756271347,11.392931526604787,0.3995717907029566,6.956385517169832,39.68855690424318,2.040823736902168,40.9920116194626,10.85759100488047,8.245098039215685,2.1451178056499822,13.960848669558082,7.384831789942563,24.030008205368656,0.0586097761106552,52.42058375337007,1.2191188777609734,2.34681771329603,510.5472440944882,98.47614582112296,0.5227794102895525,203.51782014090344,1991.3748698022189,6.053534558786892,3.1444331547915607,1.6947987748932427,1.2231061350453056,19.83380899014204,398.3536455618664,41.55351074178632,11.806242752353509,0.0743291300146644,15.979527325427473,42.794207920480254,4.740027243537866,49.157211195103386,20.48243474243706,19.8603321842448,,,,,,,0.7814742713662369,,521.6067569502382,,0.1576996993733168,142.6585882237881,219.29977966906264,247.14621924993173,724.7535934679943,7.912451291400658,279.1276530223776
mosaicml/mpt-7b-instruct,1304.6756147540984,16.029211395540877,11.21345276571364,6.839437143320275,3.3935848533295645,11.754851362510324,256.5681255161024,28.4470414963421,10.11838482668944,,7.035280229932253,35.16115787312667,1.9753130773968384,36.25877643194416,10.552684031970555,8.26514062820776,1.875732708089097,20.1641266119578,3.048065650644783,35.52168815943728,0.4689331770222743,38.921453692848765,1.2769989159439126,1.741306416968467,327.1069672131148,99.64830011723328,0.5746302727854683,144.23637295081969,1487.8797615926824,7.260579379128765,4.951534836339201,2.2948524843018814,1.820718490921608,14.019387498923017,284.91554173199023,26.865594345739108,12.762587887555126,,14.105489612868489,33.60608298515205,0.4925864679050406,38.264681595268215,14.204445660835336,12.781135944241564,,,,,,,0.8481735413759862,,391.047635900039,,0.1538343697343503,106.5353359880165,215.55168193497747,234.29947942869126,764.9005398949771,3.759157347289032,273.33073018352206
mosaicml/mpt-7b-storywriter,,,,,,,,,,,,,,,,,0.0,0.0,0.0,0.0,0.0,0.0,,1.310159555683697,,,,,,,,,,,,,,,,,,,,,,,,,,,,,,,,,119.9040767386091,64.56373362848183,276.70171555063644,0.0,9.223390518354547
openlm-research/open_llama_3b_v2,2637.9088186356075,17.627506195088984,11.198382471736064,6.800970904897319,3.4960607690599064,23.832732597431853,504.4555079972967,39.439049147164674,15.587259099739224,0.3726583238403947,9.077276775773772,52.21120017813404,2.391950567802271,57.77265642395903,16.503849297597938,12.870574482297927,3.528114663726571,7.497243660418963,15.986769570011026,17.30981256890849,0.7717750826901874,54.79603087100331,1.148402913505262,2.5828917811626617,939.5436494731003,97.7949283351709,0.314381069554272,131.84681087077092,2578.395835094519,8.376954590548719,5.70486671231716,2.793990986131196,1.963610172754444,25.318659832143283,497.82335977344246,64.6873371348095,20.563673668041535,0.0973784617255746,21.025217578808626,56.886013401690064,8.270725995130924,75.42430984599442,32.389560320089615,31.130136935303398,,,,,,,0.8435019828525795,,856.3283765611621,,0.2655492240336868,116.98111021478512,216.99825313097512,246.24016723870974,627.9410423991211,6.675562349059298,534.1746539047323
openlm-research/open_llama_7b,3496.858397025408,20.089253949984304,12.079732472938211,7.271514487244524,3.8613999883873262,29.962540546196504,705.9312545777964,36.775706962197305,16.811717499534865,0.3817916089461589,7.699070439991738,56.55918198719273,2.1112889898781244,59.8594298698616,14.469035933835386,10.584796529642636,4.329004329004329,8.441558441558442,5.194805194805195,17.965367965367964,0.8658008658008658,63.095238095238095,1.3724157050943768,2.897711504114024,905.1305515389382,98.91774891774892,0.4445066974444647,317.78000413137784,2877.1454562345643,8.134302637305616,4.590888487299893,2.241387718927076,1.755217186574466,26.320412401391785,578.4374704976685,50.59009528364986,22.55178279479316,0.0751632213679965,18.375817152578296,58.49221350193064,6.08486203403917,68.61248857547896,25.40581341982613,23.29694870244085,,,,,,,0.7954722770968845,,725.0337731525638,,0.154074238030473,205.4522135820841,220.3976489933026,203.6379891018798,684.2075777347726,7.3594841320573785,446.6840665898646
rinna/bilingual-gpt-neox-4b,,,,,,,,,,,,,,,,,6.067677946324388,4.667444574095683,67.79463243873978,5.717619603267211,0.8168028004667445,14.935822637106185,,1.86549476592148,,80.86347724620771,,,,,,,,,,,,,,,,,,,,,,,,,,,,,,,105.26443032569573,176.47528382246009,286.3680384693249,17.239146824495794,721.9314727033956
tiiuae/falcon-7b,2101.7157240788347,17.185019564002236,11.271284056171128,6.856554837186694,3.47619780745276,21.499049748462827,446.8263834544438,35.504936441502494,13.360761984243553,0.380066001566424,8.14236416246919,46.29300182188404,2.2573679134069238,50.27049619547744,14.517979624870629,11.412442396313365,2.87686996547756,8.745684695051784,1.150747986191024,17.72151898734177,0.3452243958573072,69.15995397008055,0.9888731267777268,2.48202891997012,565.4461225364182,95.9723820483314,0.5161837667801022,209.93894601542416,2390.459248311817,7.421260174987831,4.601750467676859,2.379246270885934,1.7153707032559258,27.03502529543383,513.19594194824,61.34996481489311,16.065305947199764,0.0934765767792754,18.65115146626998,50.43818383206985,4.880675413649638,71.44790445396559,32.24792969578365,31.5102954758782,,,,,,,0.7465582564552087,,629.4711617977777,,0.1758854673339275,169.6407436833266,223.179027285929,256.3909199765611,709.8061195893098,3.373162467198288,543.2371149779624
